"0","# Install and load the 'psych' package for more detailed summary statistics"
"0","install.packages(""psych"")"
"2","Instalowanie pakietu w ‘C:/Users/agabe/AppData/Local/R/win-library/4.3’
(ponieważ ‘lib’ nie jest określony)
"
"2","próbowanie adresu URL 'https://cran.rstudio.com/bin/windows/contrib/4.3/psych_2.4.3.zip'
"
"2","Content type 'application/zip'"
"2"," length 3503229 bytes (3.3 MB)
"
"2","downloaded 3.3 MB

"
"1","pakiet ‘psych’ został pomyślnie rozpakowany oraz sumy MD5 zostały sprawdzone
"
"1","
"
"1",""
"1","Pobrane pakiety binarne są w
	C:\Users\agabe\AppData\Local\Temp\Rtmpw9duRJ\downloaded_packages"
"1",""
"1","
"
"0","library(psych)"
"2","Ostrzeżenie: pakiet ‘psych’ został zbudowany w wersji R 4.3.3"
"2","
Dołączanie pakietu: ‘psych’

"
"2","Następujący obiekt został zakryty z ‘package:car’:

    logit

"
"2","Następujące obiekty zostały zakryte z ‘package:ggplot2’:

    %+%, alpha

"
"0","# Assuming you have a dataframe named 'data'"
"0",""
"0","# Remove rows where 'EngineV' is greater than 8.2"
"0","data <- data[data$EngineV <= 8.2, ]"
"0",""
"0","# Reset the row indices"
"0","rownames(data) <- NULL"
"0",""
"0","# Display detailed descriptive statistics"
"0","describe(data)"
