"0","# Create a histogram for the 'Model' column"
"0","histogram <- data.frame(Model = data$Model)"
"0","histogram$Count <- rep(1, nrow(data))"
"0",""
"0","# Group by 'Model' and count the occurrences"
"0","histogram <- aggregate(Count ~ Model, data = histogram, FUN = length)"
"0","q <- 50"
"0",""
"0","# Find models with a count less than the threshold 'q'"
"0","models_to_drop <- histogram$Model[histogram$Count < q]"
"0",""
"0","# Get the number of models to drop"
"0","length(models_to_drop)"
"1","[1]"
"1"," 273"
"1","
"
